strain,date,country,region,url,author,accession
FSS13025,6/14/2016,Cambodia,Southeast Asia,,Esser-Nobis et al,MH368551
THA/PLCal_ZV/2013,2/19/2013,Thailand,Southeast Asia,,Fonseca et al (https://www.ncbi.nlm.nih.gov/pubmed/25294619),KF993678
MU_DMSC_4/2016,4/26/2016,Thailand,Southeast Asia,,?,MT377498
SI_BKK01,8/30/2016,Thailand,Southeast Asia,,Leelahakorn et al,KY272987
SV0010/15,1/16/2015,Thailand,Southeast Asia,,Melendez et al,KX051562
V151144,8/27/2015,Thailand,Southeast Asia,,?,MT377503
SK403/13AS,9/21/2013,Thailand,Southeast Asia,,Melendez et al,KX051561
MU_DMSC_2/2017,2/23/2017,Thailand,Southeast Asia,,?,MT377493
DMSc05684_16,12/1/2016,Thailand,Southeast Asia,,Chanama et al,MH119185
SK364/13AS,7/9/2013,Thailand,Southeast Asia,,Melendez et al,KX051560
V17844,9/18/2018,India,South Asia,,Yadav et al (https://www.ncbi.nlm.nih.gov/pubmed/30703541),MK238035
V20616,10/11/2018,India,South Asia,,Yadav et al (https://www.ncbi.nlm.nih.gov/pubmed/30703541),MK238039
V20364,10/10/2018,India,South Asia,,Yadav et al (https://www.ncbi.nlm.nih.gov/pubmed/30703541),MK238036
V21993,10/15/2018,India,South Asia,,Yadav et al (https://www.ncbi.nlm.nih.gov/pubmed/30703541),MK238038
V20366,10/10/2018,India,South Asia,,Yadav et al (https://www.ncbi.nlm.nih.gov/pubmed/30703541),MK238037
THA/2014/SV0127_14,7/19/2014,Thailand,Southeast Asia,,Ellison et al (https://www.ncbi.nlm.nih.gov/pubmed/27174274),KU681081
SI_BKK06,9/7/2017,Thailand,Southeast Asia,,Wongsurawat et al (https://www.ncbi.nlm.nih.gov/pubmed/29985788),MG807647
MU_DMSC_1/2017,3/20/2017,Thailand,Southeast Asia,,?,MT377491
MU_DMSC_3/2016,11/25/2016,Thailand,Southeast Asia,,?,MT377497
MU_DMSC_2/2016,11/20/2016,Thailand,Southeast Asia,,?,MT377496
MU_DMSC_5/2016,12/8/2016,Thailand,Southeast Asia,,?,MT377499
SG_021,9/13/2016,Singapore,Southeast Asia,,Ho et al,KY241691
BKK07,10/1/2017,Thailand,Southeast Asia,,Wongsurawat et al (https://www.ncbi.nlm.nih.gov/pubmed/29985788),MH013290
Thailand/1610acTw,2016-10-31 (2016-10-04 - 2016-10-31),Thailand,Southeast Asia,,Lin et al,MF692778
MU_DMSC_3/2017,11/24/2017,Thailand,Southeast Asia,,?,MT377494
MU_DMSC_5/2017,11/22/2017,Thailand,Southeast Asia,,?,MT377501
Cambodia/2019/SZ1901,2019-12-01 (2019-12-01 - 2019-12-28),Cambodia,Southeast Asia,,?,MZ008356
MU_DMSC_1/2016,3/20/2016,Thailand,Southeast Asia,,?,MT377492
BKK03,11/30/2016,Thailand,Southeast Asia,,Wongsurawat et al (https://www.ncbi.nlm.nih.gov/pubmed/29985788),MG548660
SI_BKK02,8/7/2017,Thailand,Southeast Asia,,Wongsurawat et al (https://www.ncbi.nlm.nih.gov/pubmed/29985788),MF996804
BKK04,11/30/2016,Thailand,Southeast Asia,,Wongsurawat et al (https://www.ncbi.nlm.nih.gov/pubmed/29985788),MG548661
MU_DMSC_6/2016,12/20/2016,Thailand,Southeast Asia,,?,MT377500
SI_BKK05,11/11/2016,Thailand,Southeast Asia,,Wongsurawat et al (https://www.ncbi.nlm.nih.gov/pubmed/29985788),MG807646
SG_086,9/5/2016,Singapore,Southeast Asia,,Ho et al,KY241756
SG_018,9/13/2016,Singapore,Southeast Asia,,Ho et al,KY241688
ZKA_16_097,8/27/2016,Singapore,Southeast Asia,,Ng et al,KX813683
SG_059,8/29/2016,Singapore,Southeast Asia,,Ho et al,KY241729
SG_044,8/28/2016,Singapore,Southeast Asia,,Ho et al,KY241714
SG_047,8/29/2016,Singapore,Southeast Asia,,Ho et al,KY241717
SG_042,8/30/2016,Singapore,Southeast Asia,,Ho et al,KY241712
SG_030,8/27/2016,Singapore,Southeast Asia,,Ho et al,KY241700
SG_013,9/8/2016,Singapore,Southeast Asia,,Ho et al,KY241683
SG_070,8/29/2016,Singapore,Southeast Asia,,Ho et al,KY241740
SG_113,9/7/2016,Singapore,Southeast Asia,,Ho et al,KY241783
SG_051,8/28/2016,Singapore,Southeast Asia,,Ho et al,KY241721
SG_026,8/30/2016,Singapore,Southeast Asia,,Ho et al,KY241696
SG_109,9/6/2016,Singapore,Southeast Asia,,Ho et al,KY241779
SG_108,9/6/2016,Singapore,Southeast Asia,,Ho et al,KY241778
SG_012,9/8/2016,Singapore,Southeast Asia,,Ho et al,KY241682
SG_110,9/6/2016,Singapore,Southeast Asia,,Ho et al,KY241780
SG_057,8/28/2016,Singapore,Southeast Asia,,Ho et al,KY241727
SG_052,8/28/2016,Singapore,Southeast Asia,,Ho et al,KY241722
SG_117,9/7/2016,Singapore,Southeast Asia,,Ho et al,KY241787
SG_003,9/4/2016,Singapore,Southeast Asia,,Ho et al,KY241673
SG_096,9/15/2016,Singapore,Southeast Asia,,Ho et al,KY241766
SG_066,8/29/2016,Singapore,Southeast Asia,,Ho et al,KY241736
SG_019,9/13/2016,Singapore,Southeast Asia,,Ho et al,KY241689
SG_056,8/28/2016,Singapore,Southeast Asia,,Ho et al,KY241726
ZKA_16_922,9/1/2016,Singapore,Southeast Asia,,Ng et al,MH255601
SG_111,9/6/2016,Singapore,Southeast Asia,,Ho et al,KY241781
SG_107,9/6/2016,Singapore,Southeast Asia,,Ho et al,KY241777
SG_068,8/30/2016,Singapore,Southeast Asia,,Ho et al,KY241738
SG_112,9/7/2016,Singapore,Southeast Asia,,Ho et al,KY241782
SG_037,8/28/2016,Singapore,Southeast Asia,,Ho et al,KY241707
SG_074,8/28/2016,Singapore,Southeast Asia,,Ho et al,KY241744
SG_064,8/28/2016,Singapore,Southeast Asia,,Ho et al,KY241734
SG_099,9/10/2016,Singapore,Southeast Asia,,Ho et al,KY241769
SG_020,9/13/2016,Singapore,Southeast Asia,,Ho et al,KY241690
SG_024,9/19/2016,Singapore,Southeast Asia,,Ho et al,KY241694
SG_022,9/14/2016,Singapore,Southeast Asia,,Ho et al,KY241692
SG_105,9/5/2016,Singapore,Southeast Asia,,Ho et al,KY241775
SG_023,9/15/2016,Singapore,Southeast Asia,,Ho et al,KY241693
SG_034,8/27/2016,Singapore,Southeast Asia,,Ho et al,KY241704
SG_061,8/30/2016,Singapore,Southeast Asia,,Ho et al,KY241731
SG_058,8/29/2016,Singapore,Southeast Asia,,Ho et al,KY241728
SG_008,9/7/2016,Singapore,Southeast Asia,,Ho et al,KY241678
SG_005,9/6/2016,Singapore,Southeast Asia,,Ho et al,KY241675
SG_097,9/7/2016,Singapore,Southeast Asia,,Ho et al,KY241767
SG_015,9/12/2016,Singapore,Southeast Asia,,Ho et al,KY241685
SG_006,9/6/2016,Singapore,Southeast Asia,,Ho et al,KY241676
SG_014,9/8/2016,Singapore,Southeast Asia,,Ho et al,KY241684
SG_007,9/7/2016,Singapore,Southeast Asia,,Ho et al,KY241677
SG_009,9/7/2016,Singapore,Southeast Asia,,Ho et al,KY241679
SG_084,9/7/2016,Singapore,Southeast Asia,,Ho et al,KY241754
SG_017,9/13/2016,Singapore,Southeast Asia,,Ho et al,KY241687
SG_090,9/13/2016,Singapore,Southeast Asia,,Ho et al,KY241760
SG_091,9/3/2016,Singapore,Southeast Asia,,Ho et al,KY241761
SG_101,9/2/2016,Singapore,Southeast Asia,,Ho et al,KY241771
SG_039,8/28/2016,Singapore,Southeast Asia,,Ho et al,KY241709
SG_087,9/12/2016,Singapore,Southeast Asia,,Ho et al,KY241757
SG_116,9/6/2016,Singapore,Southeast Asia,,Ho et al,KY241786
SG_093,9/2/2016,Singapore,Southeast Asia,,Ho et al,KY241763
SG_085,8/31/2016,Singapore,Southeast Asia,,Ho et al,KY241755
SG_049,8/29/2016,Singapore,Southeast Asia,,Ho et al,KY241719
SG_033,8/29/2016,Singapore,Southeast Asia,,Ho et al,KY241703
SG_080,8/28/2016,Singapore,Southeast Asia,,Ho et al,KY241750
SG_076,8/28/2016,Singapore,Southeast Asia,,Ho et al,KY241746
SG_082,8/28/2016,Singapore,Southeast Asia,,Ho et al,KY241752
SG_100,8/30/2016,Singapore,Southeast Asia,,Ho et al,KY241770
SG_092,8/30/2016,Singapore,Southeast Asia,,Ho et al,KY241762
SG_077,8/28/2016,Singapore,Southeast Asia,,Ho et al,KY241747
SG_004,9/5/2016,Singapore,Southeast Asia,,Ho et al,KY241674
SG_031,8/27/2016,Singapore,Southeast Asia,,Ho et al,KY241701
SG_083,8/26/2016,Singapore,Southeast Asia,,Ho et al,KY241753
SG_073,8/26/2016,Singapore,Southeast Asia,,Ho et al,KY241743
SG_054,8/28/2016,Singapore,Southeast Asia,,Ho et al,KY241724
SG_067,8/28/2016,Singapore,Southeast Asia,,Ho et al,KY241737
SG_053,8/27/2016,Singapore,Southeast Asia,,Ho et al,KY241723
SG_032,8/27/2016,Singapore,Southeast Asia,,Ho et al,KY241702
SG_062,8/27/2016,Singapore,Southeast Asia,,Ho et al,KY241732
SG_102,8/30/2016,Singapore,Southeast Asia,,Ho et al,KY241772
SG_029,8/30/2016,Singapore,Southeast Asia,,Ho et al,KY241699
Yunnan/01/2019,7/2/2019,China,China,,Li et al A,MN190155
2019YN02,7/1/2019,China,China,,?,MN611472
V3015,4/2/2016,Vietnam,Southeast Asia,,?,MW915411
V8607,11/22/2016,Vietnam,Southeast Asia,,?,MW915414
NIID123/2016,11/22/2016,Vietnam,Southeast Asia,,Hashimoto et al (https://www.ncbi.nlm.nih.gov/pubmed/28445122),LC219720
V7040,10/6/2016,Vietnam,Southeast Asia,,?,MW915412
V8546,11/17/2016,Vietnam,Southeast Asia,,?,MW915413
1_0038_PF,2014-01-31 (2014-01-04 - 2014-01-31),French Polynesia,Oceania,,Pettersson et al (https://www.ncbi.nlm.nih.gov/pubmed/27729507),KX447517
1_0111_PF,2014-01-01 (2014-01-01 - 2014-01-31),French Polynesia,Oceania,,Pettersson et al (https://www.ncbi.nlm.nih.gov/pubmed/27729507),KX447516
1_0030_PF,2013-11-12 (2013-11-01 - 2013-11-30),French Polynesia,Oceania,,Pettersson et al (https://www.ncbi.nlm.nih.gov/pubmed/27729507),KX447515
1_0035_PF,2014-01-31 (2014-01-04 - 2014-01-31),French Polynesia,Oceania,,Pettersson et al (https://www.ncbi.nlm.nih.gov/pubmed/27729507),KX447514
H/PF/2013,11/28/2013,French Polynesia,Oceania,,Baronti et al (https://www.ncbi.nlm.nih.gov/pubmed/24903869),KJ776791
1_0080_PF,2014-02-28 (2014-02-02 - 2014-02-28),French Polynesia,Oceania,,Pettersson et al (https://www.ncbi.nlm.nih.gov/pubmed/27729507),KX447521
1_0087_PF,2013-12-14 (2013-12-01 - 2013-12-31),French Polynesia,Oceania,,Pettersson et al (https://www.ncbi.nlm.nih.gov/pubmed/27729507),KX447509
TS17_2016,2016-02-01 (2016-02-01 - 2016-02-26),Australia,Oceania,,Pyke et al,KX806557
Chiba/S36/2016,4/21/2016,Fiji,Oceania,,Taira et al (https://www.ncbi.nlm.nih.gov/pubmed/28367888),LC191864
ZJ02,2016-02-01 (2016-02-01 - 2016-02-25),American Samoa,Oceania,,Tong et al A,KU761561
ZJ03,2016-02-29 (2016-02-04 - 2016-02-29),American Samoa,Oceania,,Tong et al A,KU761560
Zhejiang04,2/17/2016,American Samoa,Oceania,,Zhang et al,KX117076
ZJ04,2/17/2016,China,China,,Tong et al B,KX013000
ZJ01,2/16/2016,China,China,,Tong et al B,KU997667
CN/SZ02/2016,2/17/2016,American Samoa,Oceania,,Zhao et al,KX185891
ZKC2P4,4/16/2016,China,China,,Guo et al,MG674718
ZKC2P6,4/16/2016,China,China,,Guo et al,MG674719
JXLHS1807,2018-07-01 (2018-07-01 - 2018-07-28),China,China,,?,MK696551
GZDJ1685,2016-08-31 (2016-08-09 - 2016-08-31),China,China,,Song et al A (https://www.ncbi.nlm.nih.gov/pubmed/29089591),MF099651
GZDJ1666_2,12/1/2016,China,China,,Song et al B,MF964216
SMGC_1,2/14/2016,American Samoa,Oceania,,Bi et al,KX266255
_CCMU01/2016,11/2/2016,China,China,,Wu et al A,MF036115
SY01_2016,11/1/2016,China,China,,Wu et al B,KY967711
Z16006,2/16/2016,American Samoa,Oceania,,Wu et al C,KU955589
ZKC2/2016,2/16/2016,American Samoa,Oceania,,Wu et al D,KX253996
1_0181_PF,2013-12-01 (2013-12-01 - 2013-12-28),French Polynesia,Oceania,,Pettersson et al (https://www.ncbi.nlm.nih.gov/pubmed/27729507),KX447512
1_0015_PF,2014-01-04 (2014-01-01 - 2014-01-31),French Polynesia,Oceania,,Pettersson et al (https://www.ncbi.nlm.nih.gov/pubmed/27729507),KX447511
1_0134_PF,2013-12-31 (2013-12-04 - 2013-12-31),French Polynesia,Oceania,,Pettersson et al (https://www.ncbi.nlm.nih.gov/pubmed/27729507),KX447513
1_0199_PF,2013-11-01 (2013-11-01 - 2013-11-27),French Polynesia,Oceania,,Pettersson et al (https://www.ncbi.nlm.nih.gov/pubmed/27729507),KX447519
FrenchPolynesia2014_060114_016,1/6/2014,French Polynesia,Oceania,,Paoaafaite et al,MG976700
1_0016_PF,2014-01-31 (2014-01-05 - 2014-01-31),French Polynesia,Oceania,,Pettersson et al (https://www.ncbi.nlm.nih.gov/pubmed/27729507),KX447520
1_0049_PF,2013-12-31 (2013-12-04 - 2013-12-31),French Polynesia,Oceania,,Pettersson et al (https://www.ncbi.nlm.nih.gov/pubmed/27729507),KX447510
1_0117_PF,2013-12-18 (2013-12-01 - 2013-12-31),French Polynesia,Oceania,,Pettersson et al (https://www.ncbi.nlm.nih.gov/pubmed/27729507),KX447518
Brazil/2015/ZBRD116,8/28/2015,Brazil,South America,,Faria et al A,KY559003
SG_118,5/13/2016,Singapore,Southeast Asia,,Ho et al,KY241788
Haiti/1/2016,2/5/2016,Haiti,North America,,Iovine et al (https://www.ncbi.nlm.nih.gov/pubmed/27694479),KX051563
Haiti/1225/2014,12/12/2014,Haiti,North America,,Lednicky et al A (https://www.ncbi.nlm.nih.gov/pubmed/27111294),KU509998
CX5,2016-02-29 (2016-02-05 - 2016-02-29),Brazil,South America,,Wallau et al,KX986760
Brazil/2016/ZBRC14,1/15/2016,Brazil,South America,,Faria et al A,KY558990
Brazil/2016/ZBRC25,1/18/2016,Brazil,South America,,Faria et al A,KY558993
SPH2015,2015-03-28 (2015-03-01 - 2015-03-31),Brazil,South America,,Cunha et al (https://www.ncbi.nlm.nih.gov/pubmed/26941134),KU321639
PE243,5/13/2015,Brazil,South America,,Marques et al,MF352141
mosquito/Haiti/1919/2016,5/10/2016,Haiti,North America,,White et al,MF783073
Bahia01,2015-05-31 (2015-05-04 - 2015-05-31),Brazil,South America,,Naccache et al (https://www.ncbi.nlm.nih.gov/pubmed/27448188),KX101066
Bahia02,2015-05-01 (2015-05-01 - 2015-05-31),Brazil,South America,,Naccache et al (https://www.ncbi.nlm.nih.gov/pubmed/27448188),KX101060
V152416,4/5/2016,Brazil,South America,,?,MT439641
Bahia08,7/15/2015,Brazil,South America,,Naccache et al (https://www.ncbi.nlm.nih.gov/pubmed/27448188),KU940227
Bahia03,2015-05-31 (2015-05-09 - 2015-05-31),Brazil,South America,,Naccache et al (https://www.ncbi.nlm.nih.gov/pubmed/27448188),KX101061
Bahia07,7/1/2015,Brazil,South America,,Naccache et al (https://www.ncbi.nlm.nih.gov/pubmed/27448188),KU940228
HS_2015_BA_01,2015-08-31 (2015-08-06 - 2015-08-31),Brazil,South America,,Teixeira et al,KX520666
Bahia09,8/1/2015,Brazil,South America,,Naccache et al (https://www.ncbi.nlm.nih.gov/pubmed/27448188),KU940224
Salvador,11/11/2017,Brazil,South America,,?,MN101548
V160916,4/6/2016,Brazil,South America,,?,MT439642
ARCB116141,1/2/2016,Argentina,South America,,?,MT636065
FLSR103,8/9/2016,Usa,North America,,Grubaugh et al A (https://www.ncbi.nlm.nih.gov/pubmed/31442400),MK269360
USVI/36/2016,9/13/2016,Usvi,North America,,Black et al A,VI36
E3R,8/15/2016,Trinidad And Tobago,North America,,?,MW008559
Brazil/2016/ZBRX1,4/18/2016,Brazil,South America,,Faria et al A,KY559005
Brazil/2016/ZBRX4,4/18/2016,Brazil,South America,,Faria et al A,KY559007
Brazil/2016/ZBRX6,4/19/2016,Brazil,South America,,Faria et al A,KY559008
Brazil/2016/ZBRX2,4/18/2016,Brazil,South America,,Faria et al A,KY559006
Brazil/2016/ZBRX12,4/19/2016,Brazil,South America,,Faria et al A,KY559012
Brazil/2016/ZBRX100,5/19/2016,Brazil,South America,,Faria et al A,KY559017
Brazil/2016/ZBRX7,4/19/2016,Brazil,South America,,Faria et al A,KY559009
Brazil/2016/ZBRX103,5/24/2016,Brazil,South America,,Faria et al A,KY559019
Brazil/2016/ZBRX13,4/24/2016,Brazil,South America,,Faria et al A,KY559013
Brazil/2016/ZBRX127,3/10/2016,Brazil,South America,,Faria et al A,KY559021
V9,12/1/2015,Brazil,South America,,Miranda et al,KX197205
GB_BR,3/1/2016,Brazil,South America,,Delatorre et al,KX830930
V186016,4/14/2016,Brazil,South America,,?,MT439647
V182016,4/6/2016,Brazil,South America,,?,MT439646
V168516,4/12/2016,Brazil,South America,,?,MT439643
V201216,4/20/2016,Brazil,South America,,?,MT439644
BRA/2016/FC_5790,3/22/2016,Brazil,South America,,Metsky et al (https://www.ncbi.nlm.nih.gov/pubmed/28538734),KY785446
BRA/2016/ZKV19Auri_2016_05_05,5/5/2016,Brazil,South America,,Oliveira et al (https://www.ncbi.nlm.nih.gov/pubmed/30405055),MH882543
BRA/2016/ZKV19uri_2016_04_30,4/30/2016,Brazil,South America,,Oliveira et al (https://www.ncbi.nlm.nih.gov/pubmed/30405055),MH882549
BRA/2016/ZKV19Bsem_2016_05_12,5/12/2016,Brazil,South America,,Oliveira et al (https://www.ncbi.nlm.nih.gov/pubmed/30405055),MH882544
BRA/2016/ZKV19Csem_2016_05_19,5/19/2016,Brazil,South America,,Oliveira et al (https://www.ncbi.nlm.nih.gov/pubmed/30405055),MH882545
BRA/2016/ZKV19Dsem_2016_05_24,5/24/2016,Brazil,South America,,Oliveira et al (https://www.ncbi.nlm.nih.gov/pubmed/30405055),MH882546
BRA/2016/ZKV19Fsem_2016_06_09,6/9/2016,Brazil,South America,,Oliveira et al (https://www.ncbi.nlm.nih.gov/pubmed/30405055),MH882548
BRA/2016/ZKV19Esem_2016_06_02,6/2/2016,Brazil,South America,,Oliveira et al (https://www.ncbi.nlm.nih.gov/pubmed/30405055),MH882547
BRA/2016/FC_6696,4/5/2016,Brazil,South America,,Metsky et al (https://www.ncbi.nlm.nih.gov/pubmed/28538734),KY014313
BRA/2016/FC_DQ47D1,3/28/2016,Brazil,South America,,Metsky et al (https://www.ncbi.nlm.nih.gov/pubmed/28538734),KY014309
BRA/2016/FC_DQ131D1,4/18/2016,Brazil,South America,,Metsky et al (https://www.ncbi.nlm.nih.gov/pubmed/28538734),KY014296
BRA/2016/FC_DQ42D1,3/23/2016,Brazil,South America,,Metsky et al (https://www.ncbi.nlm.nih.gov/pubmed/28538734),KY014320
BRA/2016/FC_DQ107D1,4/13/2016,Brazil,South America,,Metsky et al (https://www.ncbi.nlm.nih.gov/pubmed/28538734),KY014301
BRA/2016/FC_DQ58D1,3/30/2016,Brazil,South America,,Metsky et al (https://www.ncbi.nlm.nih.gov/pubmed/28538734),KY785427
Brazil/2016/ZBRY8,2016-01-01 (2016-01-01 - 2016-01-28),Brazil,South America,,Faria et al A,KY559031
BRA/2016/FC_DQ28D1,3/21/2016,Brazil,South America,,Metsky et al (https://www.ncbi.nlm.nih.gov/pubmed/28538734),KY014317
Brazil/2015/ZBRC321,8/9/2015,Brazil,South America,,Faria et al A,KY559000
AMA20,4/26/2016,Brazil,South America,,?,MK216697
AMA53,1/25/2016,Brazil,South America,,?,MK216721
Brazil/2016/ZBRE69,4/16/2016,Brazil,South America,,Faria et al A,KY559004
Brazil/2016/ZBRX102,2/25/2016,Brazil,South America,,Faria et al A,KY559018
Brazil/2016/ZBRX130,3/22/2016,Brazil,South America,,Faria et al A,KY559023
Brazil/2016/ZBRX137,3/3/2016,Brazil,South America,,Faria et al A,KY559024
Brazil/2016/ZBRY10,2016-01-01 (2016-01-01 - 2016-01-28),Brazil,South America,,Faria et al A,KY559030
Brazil_ZKV2015,11/30/2015,Brazil,South America,,Calvet et al (https://www.ncbi.nlm.nih.gov/pubmed/26897108),KU497555
Brazil/2016/INMI1,3/6/2016,Brazil,South America,,Carletti et al,KU991811
Brazil/2016/ZBRX128,3/13/2016,Brazil,South America,,Faria et al A,KY559022
Brazil/2015/ZBRC301,5/13/2015,Brazil,South America,,Faria et al A,KY558995
Brazil/2015/ZBRD103,8/20/2015,Brazil,South America,,Faria et al A,KY559001
Brazil/2016/ZBRC18,1/6/2016,Brazil,South America,,Faria et al A,KY558992
BRA/2016/FC_DQ116D1,4/14/2016,Brazil,South America,,Metsky et al (https://www.ncbi.nlm.nih.gov/pubmed/28538734),KY785429
Brazil/2015/ZBRD107,9/9/2015,Brazil,South America,,Faria et al A,KY559002
Brazil/2015/ZBRC303,5/14/2015,Brazil,South America,,Faria et al A,KY558997
Brazil/2016/ZBRY6,2/16/2016,Brazil,South America,,Faria et al A,KY559027
BRA/2016/FC_DQ49D1,3/28/2016,Brazil,South America,,Metsky et al (https://www.ncbi.nlm.nih.gov/pubmed/28538734),KY014307
BRA/2016/FC_6706,4/8/2016,Brazil,South America,,Metsky et al (https://www.ncbi.nlm.nih.gov/pubmed/28538734),KY785433
Brazil/2016/ZBRC319,7/10/2016,Brazil,South America,,Faria et al A,KY558999
Brazil/2016/ZBRX15,4/24/2016,Brazil,South America,,Faria et al A,KY559015
Brazil/2016/ZBRX14,4/24/2016,Brazil,South America,,Faria et al A,KY559014
Brazil/2015/ZBRC313,6/15/2015,Brazil,South America,,Faria et al A,KY558998
Brazil/2016/ZBRC28,1/18/2016,Brazil,South America,,Faria et al A,KY558994
BRA/2016/FC_DQ62D1,3/30/2016,Brazil,South America,,Metsky et al (https://www.ncbi.nlm.nih.gov/pubmed/28538734),KY785480
BRA/2016/FC_DQ62D2,4/6/2016,Brazil,South America,,Metsky et al (https://www.ncbi.nlm.nih.gov/pubmed/28538734),KY785455
Brazil/2015/ZBRC302,5/13/2015,Brazil,South America,,Faria et al A,KY558996
COL/FCC00093/2015,10/7/2015,Colombia,South America,,Leguia et al A,KX548902
Colombia/2016/ZC192Se,1/7/2016,Colombia,South America,,Quick et al (https://www.ncbi.nlm.nih.gov/pubmed/28538739),KY317937
FPI15198/PERU/Loreto/2016,6/28/2016,Peru,South America,,Leguia et al B,KY693678
FPI15263/PERU/Loreto/2016,7/11/2016,Peru,South America,,Leguia et al B,KY693679
COL/FH03/2016,3/9/2016,Colombia,South America,,Black et al B,MK049246
COL345Si,12/10/2015,Colombia,South America,,Sermeno-Correa et al,MH179341
MRS_OPY_Martinique_PaRi_2015,2015-12-01 (2015-12-01 - 2015-12-27),Martinique,North America,,Piorkowski et al (https://www.ncbi.nlm.nih.gov/pubmed/27274849),KU647676
MEX/InDRE/2016,2/25/2016,Mexico,North America,,Diaz-Quinonez et al,KU922923
Martinique/2016/FL001,3/22/2016,Martinique,North America,,Metsky et al (https://www.ncbi.nlm.nih.gov/pubmed/28538734),KY785451
Martinique/2016/FL001Sa,3/22/2016,Martinique,North America,,Grubaugh et al B (https://www.ncbi.nlm.nih.gov/pubmed/28538723),KY075932
COL/FLR/2015,2015-12-01 (2015-12-01 - 2015-12-28),Colombia,South America,,Shabman et al A,KX087102
Haiti/0148/2016,6/1/2016,Haiti,North America,,?,MN577544
Haiti/1327/2014,12/11/2014,Haiti,North America,,?,MN577543
VEN/UF_1/2016,3/25/2016,Venezuela,South America,,Blohm et al (https://www.ncbi.nlm.nih.gov/pubmed/28450510),KX702400
COL/UF_1/2016,2/9/2016,Colombia,South America,,Lednicky et al B,KX247646
FLUR066,8/5/2016,Usa,North America,,?,MK269361
FLA,2015-12-01 (2015-12-01 - 2015-12-28),Colombia,South America,,Kneubehl et al,KY989971
PAN/CDC_259249_V1_V3/2015,12/11/2015,Panama,North America,,Shabman et al B,KX156775
PAN/CDC_259364_V1_V2/2015,12/18/2015,Panama,North America,,Shabman et al B,KX156776
PAN/CDC_259359_V1_V3/2015,12/18/2015,Panama,North America,,Shabman et al B,KX156774
459148_Meta_Colombia_2016,1/17/2016,Colombia,South America,,Laiton Donato et al,MH544701
COL/FH19/2016,8/30/2016,Colombia,South America,,Black et al B,MK049251
COL/2016/SU_2724A,4/5/2016,Colombia,South America,,Metsky et al (https://www.ncbi.nlm.nih.gov/pubmed/28538734),KY785469
COL/2016/SU_1856A,4/28/2016,Colombia,South America,,Metsky et al (https://www.ncbi.nlm.nih.gov/pubmed/28538734),KY785466
COL/FH02/2016,2/29/2016,Colombia,South America,,Black et al B,MK049245
Colombia/2016/ZC199Se,1/10/2016,Colombia,South America,,Quick et al (https://www.ncbi.nlm.nih.gov/pubmed/28538739),KY317938
Colombia/2016/ZC207Se,1/9/2016,Colombia,South America,,Quick et al (https://www.ncbi.nlm.nih.gov/pubmed/28538739),KY317940
Colombia/2016/ZC204Se,1/6/2016,Colombia,South America,,Quick et al (https://www.ncbi.nlm.nih.gov/pubmed/28538739),KY317939
Colombia/2016/ZC188Se,1/16/2016,Colombia,South America,,Quick et al (https://www.ncbi.nlm.nih.gov/pubmed/28538739),KY317936
DOM/2016/BB_0127,4/11/2016,Dominican Republic,North America,,Metsky et al (https://www.ncbi.nlm.nih.gov/pubmed/28538734),KY014303
COL/FH16/2016,6/22/2016,Colombia,South America,,Black et al B,MK049250
Aedes_aegypti/COL/FH04/2016,1/29/2016,Colombia,South America,,Black et al B,MK049247
Brazil_2015_MG,6/14/2016,Brazil,South America,,Green et al,KX811222
BR/Sinop/H366/2015,12/11/2015,Brazil,South America,,Bronzoni et al,MH513599
Brazil/2016/ZBRX16,4/25/2016,Brazil,South America,,Faria et al A,KY559016
Angola/2017/Z3,5/25/2017,Angola,Africa,,Hill et al (https://www.ncbi.nlm.nih.gov/pubmed/31559967),MK829152
Angola/2017/PoHuZV634959,10/26/2017,Angola,Africa,,Hill et al (https://www.ncbi.nlm.nih.gov/pubmed/31559967),MK829154
COL/FH07/2016,5/16/2016,Colombia,South America,,Black et al B,MK049252
COL/FH09/2016,11/2/2016,Colombia,South America,,Black et al B,MK049249
COL/FH05/2016,7/27/2016,Colombia,South America,,Black et al B,MK049248
EC/Esmeraldas/089/2016,2016-04-02 (2016-04-01 - 2016-04-30),Ecuador,South America,,Marquez et al (https://www.ncbi.nlm.nih.gov/pubmed/28232448),KX879604
EC/Esmeraldas/062/2016,2016-04-30 (2016-04-06 - 2016-04-30),Ecuador,South America,,Marquez et al (https://www.ncbi.nlm.nih.gov/pubmed/28232448),KX879603
EC/Esmeraldas/121/2016,5/1/2016,Ecuador,South America,,Wise et al,MF794971
Rio_S1,1/29/2016,Brazil,South America,,Bonaldo et al A (https://www.ncbi.nlm.nih.gov/pubmed/27341420),KU926310
V15098,3/1/2015,Brazil,South America,,Strottmann et al,MF073359
BRA/2016/ZKV17uri_2016_04_19,4/19/2016,Brazil,South America,,Oliveira et al (https://www.ncbi.nlm.nih.gov/pubmed/30405055),MH882542
BRA/2016/ZKV17Bsem_2016_05_03,5/3/2016,Brazil,South America,,Oliveira et al (https://www.ncbi.nlm.nih.gov/pubmed/30405055),MH882529
BRA/2016/ZKV17Asem_2016_04_26,4/26/2016,Brazil,South America,,Oliveira et al (https://www.ncbi.nlm.nih.gov/pubmed/30405055),MH882527
BRA/2016/ZKV17Auri_2016_04_26,4/26/2016,Brazil,South America,,Oliveira et al (https://www.ncbi.nlm.nih.gov/pubmed/30405055),MH882528
BRA/2016/ZKV17sem_2016_04_19,4/19/2016,Brazil,South America,,Oliveira et al (https://www.ncbi.nlm.nih.gov/pubmed/30405055),MH882541
BRA/2016/ZKV17Hsem_2016_06_16,6/16/2016,Brazil,South America,,Oliveira et al (https://www.ncbi.nlm.nih.gov/pubmed/30405055),MH882535
P17_C,5/10/2016,Brazil,South America,,?,MW123922
P17_K,5/7/2016,Brazil,South America,,?,MW123924
P17_H,6/16/2016,Brazil,South America,,?,MW123923
BRA/2016/ZKV17Esem_2016_05_24,5/24/2016,Brazil,South America,,Oliveira et al (https://www.ncbi.nlm.nih.gov/pubmed/30405055),MH882532
BRA/2016/ZKV17Dsem_2016_05_17,5/17/2016,Brazil,South America,,Oliveira et al (https://www.ncbi.nlm.nih.gov/pubmed/30405055),MH882531
BRA/2016/ZKV17Fsem_2016_05_31,6/3/2016,Brazil,South America,,Oliveira et al (https://www.ncbi.nlm.nih.gov/pubmed/30405055),MH882533
BRA/2016/ZKV17Csem_2016_05_10,5/10/2016,Brazil,South America,,Oliveira et al (https://www.ncbi.nlm.nih.gov/pubmed/30405055),MH882530
BRA/2016/ZKV17Ksem_2016_07_05,7/5/2016,Brazil,South America,,Oliveira et al (https://www.ncbi.nlm.nih.gov/pubmed/30405055),MH882537
BRA/2016/ZKV17Gsem_2016_06_08,6/8/2016,Brazil,South America,,Oliveira et al (https://www.ncbi.nlm.nih.gov/pubmed/30405055),MH882534
BRA/2016/ZKV17Jsem_2016_06_28,6/28/2016,Brazil,South America,,Oliveira et al (https://www.ncbi.nlm.nih.gov/pubmed/30405055),MH882536
BRA/2016/ZKV17Nsem_2016_07_27,7/27/2016,Brazil,South America,,Oliveira et al (https://www.ncbi.nlm.nih.gov/pubmed/30405055),MH882540
BRA/2016/ZKV17Msem_2016_07_19,7/19/2016,Brazil,South America,,Oliveira et al (https://www.ncbi.nlm.nih.gov/pubmed/30405055),MH882539
BRA/2016/ZKV17Lsem_2016_07_12,7/12/2016,Brazil,South America,,Oliveira et al (https://www.ncbi.nlm.nih.gov/pubmed/30405055),MH882538
V15261,6/1/2015,Brazil,South America,,Strottmann et al,MF073358
Brazil/16321,3/22/2016,Brazil,South America,,Oh et al,KY120352
Brazil/2015/ZBRA105,2/23/2015,Brazil,South America,,Faria et al B (https://www.ncbi.nlm.nih.gov/pubmed/28538727),KY558989
Saint_Barthelemi_Rus_6BRN_2016,7/25/2016,Saint Barthelemy,North America,,Karan et al,MF098767
V100816,3/18/2016,Brazil,South America,,?,MT439645
Brazil/2016/ZBRY4,1/15/2016,Brazil,South America,,Faria et al A,KY559026
Brazil/2016/ZBRY11,2016-01-01 (2016-01-01 - 2016-01-28),Brazil,South America,,Faria et al A,KY559029
Brazil/2016/ZBRY14,2016-01-31 (2016-01-01 - 2016-01-31),Brazil,South America,,Faria et al B (https://www.ncbi.nlm.nih.gov/pubmed/28538727),KY817930
DOM/2016/BB_0216,4/21/2016,Dominican Republic,North America,,Metsky et al (https://www.ncbi.nlm.nih.gov/pubmed/28538734),KY014302
DOM/2016/BB_0180,4/18/2016,Dominican Republic,North America,,Metsky et al (https://www.ncbi.nlm.nih.gov/pubmed/28538734),KY014304
DOM/2016/BB_0071,4/5/2016,Dominican Republic,North America,,Metsky et al (https://www.ncbi.nlm.nih.gov/pubmed/28538734),KY785449
Cuba/2018_01_18/FL257U,1/18/2018,Cuba,North America,,Grubaugh et al A (https://www.ncbi.nlm.nih.gov/pubmed/31442400),MK560179
DOM/2016/BB_0433,6/13/2016,Dominican Republic,North America,,Metsky et al (https://www.ncbi.nlm.nih.gov/pubmed/28538734),KY785441
Cuba_2017,2/12/2017,Cuba,North America,,Lasala-Sanchez et al,MF438286
Cuba/2017/FL055Se,8/13/2017,Cuba,North America,,Grubaugh et al A (https://www.ncbi.nlm.nih.gov/pubmed/31442400),MH063264
Cuba/2017/FL047U,8/8/2017,Cuba,North America,,Grubaugh et al A (https://www.ncbi.nlm.nih.gov/pubmed/31442400),MH063260
DOM/2016/BB_0091,4/7/2016,Dominican Republic,North America,,Metsky et al (https://www.ncbi.nlm.nih.gov/pubmed/28538734),KY785475
PR/DB_611/2016,6/4/2016,Puerto Rico,North America,,?,MW122416
DOM/2016/MA_WGS16_013,6/15/2016,Dominican Republic,North America,,Metsky et al (https://www.ncbi.nlm.nih.gov/pubmed/28538734),KY785473
Dominican_Republic/2016/ZB,8/25/2016,Dominican Republic,North America,,Prilipov et al,MF664436
Dominican_Rep_Rus_8ZBR_2016,8/25/2016,Dominican Republic,North America,,Karan et al,MF098769
Dominican_Rep_Rus_7EGR_2016,8/25/2016,Dominican Republic,North America,,Karan et al,MF098768
DOM/2016/BB_0436,6/14/2016,Dominican Republic,North America,,Metsky et al (https://www.ncbi.nlm.nih.gov/pubmed/28538734),KY014314
DOM/2016/BB_0115,4/11/2016,Dominican Republic,North America,,Metsky et al (https://www.ncbi.nlm.nih.gov/pubmed/28538734),KY014321
DOM/2016/MA_WGS16_014,6/18/2016,Dominican Republic,North America,,Metsky et al (https://www.ncbi.nlm.nih.gov/pubmed/28538734),KY785470
PHE_Guadeloupe,4/21/2016,Guadeloupe,North America,,Atkinson et al,KX673530
mosquito/Haiti/1855/2016,6/27/2016,Haiti,North America,,White et al,MF783072
Haiti/0395/2016,5/31/2016,Haiti,North America,,?,MN566106
Haiti/0866/2016,5/31/2016,Haiti,North America,,?,MN566108
Haiti/0375/2016,5/31/2016,Haiti,North America,,?,MN566105
Haiti/0165/2016,5/31/2016,Haiti,North America,,?,MN566107
Haiti/0011/2016,5/31/2016,Haiti,North America,,?,MN566104
Dominican_Republic/2016/PD1,2/1/2016,Dominican Republic,North America,,Barzon et al A (https://www.ncbi.nlm.nih.gov/pubmed/26987769),KU853012
USA/2016/FL039,8/17/2016,Usa,North America,,Grubaugh et al B (https://www.ncbi.nlm.nih.gov/pubmed/28538723),KX922707
DOM/2016/BB_0183,4/18/2016,Dominican Republic,North America,,Metsky et al (https://www.ncbi.nlm.nih.gov/pubmed/28538734),KY785420
DOM/2016/BB_0269,4/27/2016,Dominican Republic,North America,,Metsky et al (https://www.ncbi.nlm.nih.gov/pubmed/28538734),KY014318
JAM/2016/WI_JM6,6/13/2016,Jamaica,North America,,Metsky et al (https://www.ncbi.nlm.nih.gov/pubmed/28538734),KY785419
USVI/41/2016,11/10/2016,Usvi,North America,,Black et al A,VI41
USVI/19/2016,11/21/2016,Usvi,North America,,Black et al A,VI19_12plex
USVI/42/2016,10/26/2016,Usvi,North America,,Black et al A,VI42
USVI/28/2016,11/28/2016,Usvi,North America,,Black et al A,VI28_1d
PR/DB_799/2016,9/15/2016,Puerto Rico,North America,,?,MW122428
DOM/2016/BB_0076,4/5/2016,Dominican Republic,North America,,Metsky et al (https://www.ncbi.nlm.nih.gov/pubmed/28538734),KY014305
Dominican_Rep_Rus_3ALT_2016,5/11/2016,Dominican Republic,North America,,Karan et al,MF098764
DOM/2016/MA_WGS16_036,9/22/2016,Dominican Republic,North America,,Metsky et al (https://www.ncbi.nlm.nih.gov/pubmed/28538734),KY785447
DOM/2016/MA_WGS16_040,10/6/2016,Dominican Republic,North America,,Metsky et al (https://www.ncbi.nlm.nih.gov/pubmed/28538734),KY785413
Yokohama/1/2016,5/20/2016,Japan,Japan Korea,,Ozawa et al,LC190723
Dominican_Rep_Rus_5RMN_2016,5/31/2016,Dominican Republic,North America,,Karan et al,MF098766
DOM/2016/MA_WGS16_024,7/7/2016,Dominican Republic,North America,,Metsky et al (https://www.ncbi.nlm.nih.gov/pubmed/28538734),KY785435
DOM/2016/MA_WGS16_011,6/6/2016,Dominican Republic,North America,,Metsky et al (https://www.ncbi.nlm.nih.gov/pubmed/28538734),KY785484
Cuba/2017/FL049U,9/24/2017,Cuba,North America,,Grubaugh et al A (https://www.ncbi.nlm.nih.gov/pubmed/31442400),MH063261
Haiti/2016/PD,2/1/2016,Haiti,North America,,Barzon et al B (https://www.ncbi.nlm.nih.gov/pubmed/27542178),KX269878
JAM/2016/MA_WGS16_039,9/28/2016,Jamaica,North America,,Metsky et al (https://www.ncbi.nlm.nih.gov/pubmed/28538734),KY785430
DOM/2016/BB_0208,4/20/2016,Dominican Republic,North America,,Metsky et al (https://www.ncbi.nlm.nih.gov/pubmed/28538734),KY014300
DOM/2016/MA_WGS16_007,5/10/2016,Dominican Republic,North America,,Metsky et al (https://www.ncbi.nlm.nih.gov/pubmed/28538734),KY785453
USA/2016/FLUR011,8/8/2016,Usa,North America,,Grubaugh et al B (https://www.ncbi.nlm.nih.gov/pubmed/28538723),KY325471
USA/2016/FLSR036,9/19/2016,Usa,North America,,Grubaugh et al B (https://www.ncbi.nlm.nih.gov/pubmed/28538723),KY325464
USA/2016/FLUR058,10/11/2016,Usa,North America,,Grubaugh et al B (https://www.ncbi.nlm.nih.gov/pubmed/28538723),KY325476
USA/2016/FLUR026,9/13/2016,Usa,North America,,Grubaugh et al B (https://www.ncbi.nlm.nih.gov/pubmed/28538723),KY325474
Aedes_aegypti/USA/2016/FL05,9/9/2016,Usa,North America,,Grubaugh et al B (https://www.ncbi.nlm.nih.gov/pubmed/28538723),KY075937
USA/2016/FLUR014,8/24/2016,Usa,North America,,Ladner et al,KY325482
USA/2016/FLUR022,8/31/2016,Usa,North America,,Grubaugh et al B (https://www.ncbi.nlm.nih.gov/pubmed/28538723),KY325473
Aedes_aegypti/USA/2016/FL03,8/23/2016,Usa,North America,,Grubaugh et al B (https://www.ncbi.nlm.nih.gov/pubmed/28538723),KX838906
USA/2016/FL032,8/5/2016,Usa,North America,,Grubaugh et al B (https://www.ncbi.nlm.nih.gov/pubmed/28538723),KX922705
Aedes_aegypti/USA/2016/FL04,9/4/2016,Usa,North America,,Grubaugh et al B (https://www.ncbi.nlm.nih.gov/pubmed/28538723),KX922708
FLSR077,8/20/2016,Usa,North America,,?,MK269354
MB16_23,9/1/2016,Usa,North America,,Mutebi et al,MF988743
FLUR096,9/3/2016,Usa,North America,,Grubaugh et al A (https://www.ncbi.nlm.nih.gov/pubmed/31442400),MK269357
USA/2016/MA_WGS16_034,8/15/2016,Usa,North America,,Metsky et al (https://www.ncbi.nlm.nih.gov/pubmed/28538734),KY785459
JAM/2016/MA_WGS16_025,7/10/2016,Jamaica,North America,,Metsky et al (https://www.ncbi.nlm.nih.gov/pubmed/28538734),KY785424
Dominican_Rep_Rus_4MRG_2016,5/23/2016,Dominican Republic,North America,,Karan et al,MF098765
USVI/7/2016,10/27/2016,Usvi,North America,,Black et al A,VI7
DOM/2016/BB_0059,4/4/2016,Dominican Republic,North America,,Metsky et al (https://www.ncbi.nlm.nih.gov/pubmed/28538734),KY785425
USA/2016/FL029,8/1/2016,Usa,North America,,Metsky et al (https://www.ncbi.nlm.nih.gov/pubmed/28538734),KY785457
USA/2016/FL028,8/1/2016,Usa,North America,,Metsky et al (https://www.ncbi.nlm.nih.gov/pubmed/28538734),KY785443
FLUR099,9/1/2016,Usa,North America,,?,MK269358
USA/2016/FLUR001,7/28/2016,Usa,North America,,Grubaugh et al B (https://www.ncbi.nlm.nih.gov/pubmed/28538723),KY325480
USA/2016/FL022,7/22/2016,Usa,North America,,Grubaugh et al B (https://www.ncbi.nlm.nih.gov/pubmed/28538723),KY075935
USA/2016/FL036,8/4/2016,Usa,North America,,Grubaugh et al B (https://www.ncbi.nlm.nih.gov/pubmed/28538723),KY075936
USA/2016/Hu0015SA,8/24/2016,Usa,North America,,Grubaugh et al B (https://www.ncbi.nlm.nih.gov/pubmed/28538723),KX832731
USA/2016/FL030,8/2/2016,Usa,North America,,Grubaugh et al B (https://www.ncbi.nlm.nih.gov/pubmed/28538723),KX922704
USA/2016/FLUR005,7/29/2016,Usa,North America,,Grubaugh et al B (https://www.ncbi.nlm.nih.gov/pubmed/28538723),KY325481
USA/2016/FLUR006,7/29/2016,Usa,North America,,Grubaugh et al B (https://www.ncbi.nlm.nih.gov/pubmed/28538723),KY325467
FLUR076,8/19/2016,Usa,North America,,Grubaugh et al A (https://www.ncbi.nlm.nih.gov/pubmed/31442400),MK269356
USA/2016/FLUR002,7/28/2016,Usa,North America,,Grubaugh et al B (https://www.ncbi.nlm.nih.gov/pubmed/28538723),KY325466
USA/2016/FL021,7/19/2016,Usa,North America,,Grubaugh et al B (https://www.ncbi.nlm.nih.gov/pubmed/28538723),KX922703
Aedes_aegypti/USA/2016/FL08,10/5/2016,Usa,North America,,Grubaugh et al B (https://www.ncbi.nlm.nih.gov/pubmed/28538723),KY075939
Aedes_aegypti/USA/2016/FL02,8/23/2016,Usa,North America,,Grubaugh et al B (https://www.ncbi.nlm.nih.gov/pubmed/28538723),KX838905
USA/2016/FLUR007,8/4/2016,Usa,North America,,Grubaugh et al B (https://www.ncbi.nlm.nih.gov/pubmed/28538723),KY325468
USA/2016/FLUR008,8/4/2016,Usa,North America,,Grubaugh et al B (https://www.ncbi.nlm.nih.gov/pubmed/28538723),KY325469
USA/2016/FLUR009,8/4/2016,Usa,North America,,Grubaugh et al B (https://www.ncbi.nlm.nih.gov/pubmed/28538723),KY325470
Aedes_aegypti/USA/2016/FL01,8/22/2016,Usa,North America,,Grubaugh et al B (https://www.ncbi.nlm.nih.gov/pubmed/28538723),KX838904
USA/2016/FLUR015,8/24/2016,Usa,North America,,Grubaugh et al B (https://www.ncbi.nlm.nih.gov/pubmed/28538723),KY325483
Aedes_aegypti/USA/2016/FL06,9/20/2016,Usa,North America,,Grubaugh et al B (https://www.ncbi.nlm.nih.gov/pubmed/28538723),KY075938
USA/2016/FLUR063,10/3/2016,Usa,North America,,Grubaugh et al B (https://www.ncbi.nlm.nih.gov/pubmed/28538723),KY325477
USA/2016/FLWB042,9/26/2016,Usa,North America,,Grubaugh et al B (https://www.ncbi.nlm.nih.gov/pubmed/28538723),KY325478
USA/2016/FLUR057,10/5/2016,Usa,North America,,Grubaugh et al B (https://www.ncbi.nlm.nih.gov/pubmed/28538723),KY325475
USA/2016/FL010,6/22/2016,Usa,North America,,Metsky et al (https://www.ncbi.nlm.nih.gov/pubmed/28538734),KY014295
USA/2016/FL038,8/5/2016,Usa,North America,,Metsky et al (https://www.ncbi.nlm.nih.gov/pubmed/28538734),KY014326
FLUR100,8/18/2016,Usa,North America,,?,MK269359
USA/2016/FLUR013,8/23/2016,Usa,North America,,Grubaugh et al B (https://www.ncbi.nlm.nih.gov/pubmed/28538723),KY325472
Homo_Sapiens/NIC/6669_CZB223/2016,8/23/2016,Nicaragua,North America,,?,OK054371
BR/Sinop/H366_2P/2015,12/11/2015,Brazil,South America,,Bronzoni et al,MH513600
BR_SJRP21,2/29/2016,Brazil,South America,,Bittar et al,KY441401
AMA21,4/25/2016,Brazil,South America,,?,MK216698
AMA36,3/1/2016,Brazil,South America,,?,MK216706
AMA58,1/20/2016,Brazil,South America,,?,MK216722
AMA57,1/14/2016,Brazil,South America,,?,MK216723
AMA49,2/10/2016,Brazil,South America,,?,MK216718
AMA33,2/19/2016,Brazil,South America,,?,MK216704
AMA13,4/1/2016,Brazil,South America,,?,MK216692
FVM00318/VEN/Maracay/2016,10/19/2016,Venezuela,South America,,Leguia et al B,KY693680
AMA5,3/10/2016,Brazil,South America,,?,MK216688
AMA61,12/16/2015,Brazil,South America,,?,MK216729
Z03,12/15/2015,Brazil,South America,,?,MK216747
AMA35,2/29/2016,Brazil,South America,,?,MK216707
AMA6,3/15/2016,Brazil,South America,,?,MK216691
AMA52,2/2/2016,Brazil,South America,,?,MK216732
AMA37,3/1/2016,Brazil,South America,,?,MK216709
AMA46,2/10/2016,Brazil,South America,,?,MK216715
AMA22,5/16/2016,Brazil,South America,,?,MK216699
AMA42,2/10/2016,Brazil,South America,,?,MK216712
AMA41,2/3/2016,Brazil,South America,,?,MK216710
AMA48,2/2/2016,Brazil,South America,,?,MK216717
AMA38,3/2/2016,Brazil,South America,,?,MK216708
AMA9,3/18/2016,Brazil,South America,,?,MK216690
AMA44,1/29/2016,Brazil,South America,,?,MK216714
AMA70,1/29/2016,Brazil,South America,,?,MK216731
AMA66,1/23/2016,Brazil,South America,,?,MK216728
AMA32,4/5/2016,Brazil,South America,,?,MK216705
AMA302,12/8/2015,Brazil,South America,,?,MK216745
Z02,12/15/2015,Brazil,South America,,?,MK216748
AMA51,1/25/2016,Brazil,South America,,?,MK216720
AMA16,4/5/2016,Brazil,South America,,?,MK216695
AMA43,2/10/2016,Brazil,South America,,?,MK216711
AMA84,3/27/2017,Brazil,South America,,?,MK216736
AMA82,3/24/2017,Brazil,South America,,?,MK216738
AMA91,4/7/2017,Brazil,South America,,?,MK216744
AMA90,3/29/2017,Brazil,South America,,?,MK216742
AMA85,3/27/2017,Brazil,South America,,?,MK216740
AMA15,4/5/2016,Brazil,South America,,?,MK216694
AMA50,2/10/2016,Brazil,South America,,?,MK216719
AMA27,2/15/2016,Brazil,South America,,?,MK216703
AMA2,2/19/2016,Brazil,South America,,?,MK216687
AMA62,1/25/2016,Brazil,South America,,?,MK216726
AMA88,3/28/2017,Brazil,South America,,?,MK216743
AMA89,3/28/2017,Brazil,South America,,?,MK216741
AMA47,2/2/2016,Brazil,South America,,?,MK216716
AMA80,3/22/2017,Brazil,South America,,?,MK216737
AMA65,1/30/2016,Brazil,South America,,?,MK216727
AMA19,4/8/2016,Brazil,South America,,?,MK216696
AMA55,1/26/2016,Brazil,South America,,?,MK216725
AMA67,1/5/2016,Brazil,South America,,?,MK216730
BR/AM/16800005,1/8/2016,Brazil,South America,,Souza et al,KY631492
AMA45,1/8/2016,Brazil,South America,,?,MK216713
BR/Sinop/H355/2015,12/9/2015,Brazil,South America,,Bronzoni et al,MH513598
Brazil/2016/ZBRX106,3/7/2016,Brazil,South America,,Faria et al A,KY559020
SSABR1,7/1/2015,Brazil,South America,,Giovanetti et al (https://www.ncbi.nlm.nih.gov/pubmed/27071531),KU707826
Z1106033,10/2/2015,Suriname,South America,,Enfissi et al A (https://www.ncbi.nlm.nih.gov/pubmed/26775124),KU312312
BRA/2016/FC_6864,4/12/2016,Brazil,South America,,Metsky et al (https://www.ncbi.nlm.nih.gov/pubmed/28538734),KY014297
BRA/2016/FC_6863,4/12/2016,Brazil,South America,,Metsky et al (https://www.ncbi.nlm.nih.gov/pubmed/28538734),KY785450
CPV/2015/CV487,11/27/2015,Cape Verde,Africa,,?,MK241416
CPV/2016/CV907u,6/4/2016,Cape Verde,Africa,,?,MK241417
CPV/2015/CV448c,12/3/2015,Cape Verde,Africa,,?,MK241415
V16288,2/1/2016,Brazil,South America,,Strottmann et al,MF073357
BR_SJRP61,4/5/2016,Brazil,South America,,Bittar et al,KY441402
BR_SJRP1840,1/11/2016,Brazil,South America,,Bittar et al,KY441403
BR/NHP_17_18/2017,3/3/2017,Brazil,South America,,Terzian et al (https://www.ncbi.nlm.nih.gov/pubmed/30375482),MG770185
BR/NHP_17_17/2017,3/3/2017,Brazil,South America,,Terzian et al (https://www.ncbi.nlm.nih.gov/pubmed/30375482),MG770184
BR/NHP_17_05/2017,1/26/2017,Brazil,South America,,Terzian et al (https://www.ncbi.nlm.nih.gov/pubmed/30375482),MG770183
BR/NHP_17_19/2017,3/3/2017,Brazil,South America,,Terzian et al (https://www.ncbi.nlm.nih.gov/pubmed/30375482),MG770186
800/16,7/25/2016,Brazil,South America,,?,MT483911
USVI/11/2016,3/22/2016,Usvi,North America,,Black et al A,VI11
GZ01,2/14/2016,Venezuela,South America,,Deng et al,KU820898
R114916,6/6/2016,Dominican Republic,North America,,Lanciotti et al A,KX766028
GZ02/2016,2/25/2016,Venezuela,South America,,Li et al B,KX056898
ZG_01,2/29/2016,China,China,,Huang et al,KY379148
GDZ16021,2/26/2016,China,China,,Sun et al,MF167360
Z16019,2/26/2016,Venezuela,South America,,Wu et al C,KU955590
SL1602,1/22/2016,Suriname,South America,,van Boheemen et al (https://www.ncbi.nlm.nih.gov/pubmed/28539654),KY348640
V17271,2015-12-01 (2015-12-01 - 2015-12-28),French Guiana,South America,,Enfissi et al B,KU758877
NL00013,2/11/2016,Suriname,South America,,Stalin Raj et al,KU937936
USVI/4/2016,10/14/2016,Usvi,North America,,?,MW165880
BRA/2016/FC_DQ122D1,4/15/2016,Brazil,South America,,Metsky et al (https://www.ncbi.nlm.nih.gov/pubmed/28538734),KY785456
PR/DB_841/2016,11/3/2016,Puerto Rico,North America,,?,MW122430
PR/DB_700/2016,9/7/2016,Puerto Rico,North America,,?,MW122422
PR/DB_617/2016,7/9/2016,Puerto Rico,North America,,?,MW122419
PR/DB_880/2016,6/28/2016,Puerto Rico,North America,,?,MW122432
PR/DB_569/2016,11/3/2016,Puerto Rico,North America,,?,MW122412
PR/DB_347/2016,9/27/2016,Puerto Rico,North America,,?,MW122397
CTS_50_16p,2016-06-01 (2016-06-01 - 2016-06-30),Puerto Rico,North America,,Assis et al,MH675622
PR/DB_1015/2016,10/4/2016,Puerto Rico,North America,,?,MW122448
PR/DB_272/2016,8/6/2016,Puerto Rico,North America,,?,MW122391
CTS_47_16p,2016-05-31 (2016-05-06 - 2016-05-31),Puerto Rico,North America,,Assis et al,MH675621
PR/DB_484/2016,7/1/2016,Puerto Rico,North America,,?,MW122402
PR/DB_996/2016,12/8/2016,Puerto Rico,North America,,?,MW122445
PR/DB_1019/2016,12/8/2016,Puerto Rico,North America,,?,MW122449
PR/DB_219/2016,6/23/2016,Puerto Rico,North America,,?,MW122382
PR/DB_451/2016,11/10/2016,Puerto Rico,North America,,?,MW122400
PR/DB_1025/2017,1/3/2017,Puerto Rico,North America,,?,MW122451
PR/DB_255/2016,7/17/2016,Puerto Rico,North America,,?,MW122386
PR/DB_781/2016,7/3/2016,Puerto Rico,North America,,?,MW122426
PR/DB_269/2016,9/7/2016,Puerto Rico,North America,,?,MW122389
PR/DB_285/2016,7/14/2016,Puerto Rico,North America,,?,MW122394
PRVABC59,2015-12-05 (2015-12-01 - 2015-12-31),Puerto Rico,North America,,Lanciotti et al B (https://www.ncbi.nlm.nih.gov/pubmed/27088323),KU501215
PuertoRico/2016/FL016U,7/3/2016,Puerto Rico,North America,,Grubaugh et al B (https://www.ncbi.nlm.nih.gov/pubmed/28538723),KY075934
PuertoRico/2016/FL008U,6/21/2016,Puerto Rico,North America,,Grubaugh et al B (https://www.ncbi.nlm.nih.gov/pubmed/28538723),KY075933
PR/DB_245/2016,6/23/2016,Puerto Rico,North America,,?,MW122385
PR/DB_802/2016,10/2/2016,Puerto Rico,North America,,?,MW122429
CTS_61_16p,2016-06-30 (2016-06-01 - 2016-06-30),Puerto Rico,North America,,Assis et al,MH675624
PR/DB_503/2016,8/15/2016,Puerto Rico,North America,,?,MW122404
PR/DB_947/2016,10/20/2016,Puerto Rico,North America,,?,MW122437
PR/DB_920/2016,10/9/2016,Puerto Rico,North America,,?,MW122436
PR/DB_987/2016,8/31/2016,Puerto Rico,North America,,?,MW122443
CTS_193_16p,2016-08-31 (2016-08-04 - 2016-08-31),Puerto Rico,North America,,Assis et al,MH675627
CTS_56_16p,2016-06-30 (2016-06-05 - 2016-06-30),Puerto Rico,North America,,Assis et al,MH675623
PRI/2016/MA_WGS16_016,6/26/2016,Puerto Rico,North America,,Metsky et al (https://www.ncbi.nlm.nih.gov/pubmed/28538734),KY785462
PR/DB_961/2016,11/21/2016,Puerto Rico,North America,,?,MW122438
PR/DB_093/2016,8/15/2016,Puerto Rico,North America,,?,MW122379
PR/DB_657/2016,8/17/2016,Puerto Rico,North America,,?,MW122421
PR/DB_372/2016,11/4/2016,Puerto Rico,North America,,?,MW122399
PR/DB_554/2016,10/25/2016,Puerto Rico,North America,,?,MW122410
PR/DB_070/2016,7/1/2016,Puerto Rico,North America,,?,MW122378
PRI/2016/MA_WGS16_004,4/13/2016,Puerto Rico,North America,,Metsky et al (https://www.ncbi.nlm.nih.gov/pubmed/28538734),KY785464
PR/DB_590/2016,8/15/2016,Puerto Rico,North America,,?,MW122414
PR/DB_650/2016,8/9/2016,Puerto Rico,North America,,?,MW122420
PR/DB_884/2016,7/27/2016,Puerto Rico,North America,,?,MW122433
PR/DB_894/2016,8/17/2016,Puerto Rico,North America,,?,MW122435
PR/DB_018/2016,7/30/2016,Puerto Rico,North America,,?,MW122377
PR/DB_275/2016,11/7/2016,Puerto Rico,North America,,?,MW122392
PR/DB_540/2016,9/27/2016,Puerto Rico,North America,,?,MW122408
PR/DB_001/2016,7/20/2016,Puerto Rico,North America,,?,MW122373
PR/DB_556/2016,10/16/2016,Puerto Rico,North America,,?,MW122411
PR/DB_774/2016,12/2/2016,Puerto Rico,North America,,?,MW122424
CTS_183_16p,2016-08-31 (2016-08-06 - 2016-08-31),Puerto Rico,North America,,Assis et al,MH675626
PR/DB_534/2016,8/31/2016,Puerto Rico,North America,,?,MW122407
PR/DB_489/2016,6/30/2016,Puerto Rico,North America,,?,MW122403
PR/DB_511/2016,8/19/2016,Puerto Rico,North America,,?,MW122405
PR/DB_986/2016,8/26/2016,Puerto Rico,North America,,?,MW122442
PR/DB_523/2016,8/18/2016,Puerto Rico,North America,,?,MW122406
USVI/35/2016,9/8/2016,Usvi,North America,,?,MW165883
USVI/6/2016,10/19/2016,Usvi,North America,,Black et al A,VI6
USVI/44/2016,10/17/2016,Usvi,North America,,Black et al A,VI44
USVI/25/2016,9/27/2016,Usvi,North America,,?,MW165882
USVI/45/2016,8/3/2016,Usvi,North America,,Black et al A,VI45
USVI/43/2016,7/19/2016,Usvi,North America,,?,MW165884
USVI/38/2016,10/25/2016,Usvi,North America,,Black et al A,VI38
USVI/13/2016,8/13/2016,Usvi,North America,,Black et al A,VI13
USVI/34/2016,8/1/2016,Usvi,North America,,Black et al A,VI34
USVI/46/2016,7/15/2016,Usvi,North America,,Black et al A,VI46
USVI/3/2016,9/26/2016,Usvi,North America,,Black et al A,VI3
USVI/5/2016,10/17/2016,Usvi,North America,,?,MW165881
PR/DB_232/2016,6/25/2016,Puerto Rico,North America,,?,MW122383
PR/DB_236/2016,9/19/2016,Puerto Rico,North America,,?,MW122384
CTS_178_16p,2016-08-31 (2016-08-05 - 2016-08-31),Puerto Rico,North America,,Assis et al,MH675625
PR/DB_999/2016,6/20/2016,Puerto Rico,North America,,?,MW122446
PR/DB_1000/2016,6/27/2016,Puerto Rico,North America,,?,MW122447
PR/DB_003/2016,7/13/2016,Puerto Rico,North America,,?,MW122375
PR/DB_852/2016,6/27/2016,Puerto Rico,North America,,?,MW122454
CTS_30_16p,2016-05-31 (2016-05-05 - 2016-05-31),Puerto Rico,North America,,Assis et al,MH675619
PR/DB_282/2016,6/24/2016,Puerto Rico,North America,,?,MW122393
PRI/2016/MA_WGS16_005,4/12/2016,Puerto Rico,North America,,Metsky et al (https://www.ncbi.nlm.nih.gov/pubmed/28538734),KY785481
PR/DB_256/2016,7/14/2016,Puerto Rico,North America,,?,MW122387
CTS_223_16p,2016-08-31 (2016-08-07 - 2016-08-31),Puerto Rico,North America,,Assis et al,MH675628
PR/DB_778/2016,6/29/2016,Puerto Rico,North America,,?,MW122425
PR/DB_966/2016,11/29/2016,Puerto Rico,North America,,?,MW122439
PR/DB_002/2016,4/27/2016,Puerto Rico,North America,,?,MW122374
PR/DB_350/2016,9/19/2016,Puerto Rico,North America,,?,MW122398
PR/DB_615/2016,5/26/2016,Puerto Rico,North America,,?,MW122418
PR/DB_104/2016,8/26/2016,Puerto Rico,North America,,?,MW122380
PR/DB_992/2016,9/10/2016,Puerto Rico,North America,,?,MW122444
PR/DB_984/2016,8/23/2016,Puerto Rico,North America,,?,MW122441
PR/DB_010/2016,6/28/2016,Puerto Rico,North America,,?,MW122376
CTS_36_16p,2016-05-11 (2016-05-01 - 2016-05-31),Puerto Rico,North America,,Assis et al,MH675620
PR/DB_306/2016,7/23/2016,Puerto Rico,North America,,?,MW122395
PR/DB_983/2016,8/3/2016,Puerto Rico,North America,,?,MW122440
PR/DB_613/2016,6/13/2016,Puerto Rico,North America,,?,MW122417
Hsap_wt/PR/15/ARC1,12/21/2015,Puerto Rico,North America,,Chiu et al A,MN171421
USVI/39/2016,11/9/2016,Usvi,North America,,Black et al A,VI39_12plex
USVI/37/2016,10/6/2016,Usvi,North America,,Black et al A,VI37
USVI/12/2016,11/4/2016,Usvi,North America,,Black et al A,VI12
USVI/1/2016,9/28/2016,Usvi,North America,,Black et al A,VI1_1d
USVI/2/2016,9/28/2016,Usvi,North America,,Black et al A,VI2
Brazil/2016/ZBRC16,1/19/2016,Brazil,South America,,Faria et al A,KY558991
BRA/2016/FC_6418,3/27/2016,Brazil,South America,,Metsky et al (https://www.ncbi.nlm.nih.gov/pubmed/28538734),KY785410
BRA/2016/FC_5905,3/23/2016,Brazil,South America,,Metsky et al (https://www.ncbi.nlm.nih.gov/pubmed/28538734),KY014308
V129516,3/21/2016,Brazil,South America,,?,MT439638
RIO_BM1,2/12/2016,Brazil,South America,,Bonaldo et al B,KY272991
Rio_U1,1/14/2016,Brazil,South America,,Bonaldo et al A (https://www.ncbi.nlm.nih.gov/pubmed/27341420),KU926309
BRA/2016/FC_DQ5D1,3/14/2016,Brazil,South America,,Metsky et al (https://www.ncbi.nlm.nih.gov/pubmed/28538734),KY785437
Brazil/2016/ZBRY1,1/15/2016,Brazil,South America,,Faria et al A,KY559025
Brazil/2016/ZBRY7,2016-01-12 (2016-01-01 - 2016-01-31),Brazil,South America,,Faria et al B (https://www.ncbi.nlm.nih.gov/pubmed/28538727),KY559032
PR/DB_871/2016,11/3/2016,Puerto Rico,North America,,?,MW122431
Homo_Sapiens/NIC/4456_CZB162/2016,6/28/2016,Nicaragua,North America,,?,OK054388
HND/2016/HU_SZ76,5/3/2016,Honduras,North America,,Metsky et al (https://www.ncbi.nlm.nih.gov/pubmed/28538734),KY785471
Homo_Sapiens/NIC/4069_CZH219/2016,8/3/2016,Nicaragua,North America,,?,OK054441
Homo_Sapiens/NIC/1507_CZH212/2016,8/18/2016,Nicaragua,North America,,?,OK054372
Homo_Sapiens/NIC/2558_CZH215/2016,7/26/2016,Nicaragua,North America,,?,OK054374
Homo_Sapiens/NIC/9367_CZB210/2016,8/15/2016,Nicaragua,North America,,?,OK054373
Homo_Sapiens/NIC/5831_CZH163/2016,9/6/2016,Nicaragua,North America,,?,OK054376
Homo_Sapiens/NIC/5812_CZH162/2016,9/15/2016,Nicaragua,North America,,?,OK054375
Homo_Sapiens/NIC/5073_CZB153/2016,6/26/2016,Nicaragua,North America,,?,OK054379
Homo_Sapiens/NIC/8317_CZB189/2016,9/8/2016,Nicaragua,North America,,?,OK054380
Homo_Sapiens/NIC/4445_CZB161/2016,8/3/2016,Nicaragua,North America,,?,OK054377
Homo_Sapiens/NIC/9396_CZB209/2016,8/28/2016,Nicaragua,North America,,?,OK054378
HND/2016/HU_ME136,5/31/2016,Honduras,North America,,Metsky et al (https://www.ncbi.nlm.nih.gov/pubmed/28538734),KY785461
2016_HND_19563,4/16/2016,Honduras,North America,,Lamson et al,KX906952
HND/R103451/2015,1/6/2015,Honduras,North America,,Shabman et al C,KX694534
V103451,1/6/2016,Honduras,North America,,Lanciotti et al C,KX262887
NIC/5256_13A1/2016,8/26/2016,Nicaragua,North America,,Theze et al A,MF434518
NIC/8610_13A1/2016,7/7/2016,Nicaragua,North America,,Shabman et al D,KY765324
Homo_Sapiens/NIC/5066_CZB195/2016,7/27/2016,Nicaragua,North America,,?,OK054392
Homo_Sapiens/NIC/8298_CZB165/2016,7/22/2016,Nicaragua,North America,,?,OK054418
MEX/2016/mex28,7/7/2016,Mexico,North America,,Theze et al B,MF801406
GTM/2016/Guatemala_3921,7/21/2016,Guatemala,North America,,Theze et al B,MF801378
Homo_Sapiens/NIC/6697_CZH230/2016,8/29/2016,Nicaragua,North America,,?,OK054481
Homo_Sapiens/NIC/1535_CZH213/2016,8/15/2016,Nicaragua,North America,,?,OK054382
MEX/2016/mex25,5/25/2016,Mexico,North America,,Theze et al B,MF801403
V8375,11/1/2015,Guatemala,North America,,Lanciotti et al B (https://www.ncbi.nlm.nih.gov/pubmed/27088323),KU501217
V103344,12/1/2015,Guatemala,North America,,Lanciotti et al B (https://www.ncbi.nlm.nih.gov/pubmed/27088323),KU501216
Mexico/INPER38b/2016,11/24/2016,Mexico,North America,,Valdespino-Vazquez et al,MG494697
MEX/2016/mex33,7/5/2016,Mexico,North America,,Theze et al B,MF801411
MEX/2016/mex19,5/20/2016,Mexico,North America,,Theze et al B,MF801399
MEX/2016/mex20,5/20/2016,Mexico,North America,,Theze et al B,MF801400
mex48/Mexico/2016,6/30/2016,Mexico,North America,,Chiu et al B,KY606273
MEX/2016/mex47,6/30/2016,Mexico,North America,,Theze et al B,MF801423
MEX/2016/mex29,7/5/2016,Mexico,North America,,Theze et al B,MF801407
MEX/2016/mex43,7/1/2016,Mexico,North America,,Theze et al B,MF801419
MEX/2016/mex34,7/7/2016,Mexico,North America,,Theze et al B,MF801412
MEX/2016/Mexico_3502,7/6/2016,Mexico,North America,,Theze et al B,MF801391
MEX/41_006_F_V0_O/2016,7/5/2016,Mexico,North America,,Tan et al A,MH157209
MEX/41_006_F_V7_O/2016,7/13/2016,Mexico,North America,,Tan et al A,MH157197
MEX/2016/mex37,7/5/2016,Mexico,North America,,Theze et al B,MF801415
MEX/2016/mex46,7/1/2016,Mexico,North America,,Theze et al B,MF801422
MEX_ENCB165,10/15/2015,Mexico,North America,,Sevilla-Reyes et al,KY631493
ENCB165P4,10/15/2015,Mexico,North America,,Sevilla-Reyes et al,KY631494
USA/UT_1/2016,1/1/2016,Mexico,North America,,Swaminathan et al (https://www.ncbi.nlm.nih.gov/pubmed/27681699),KX827268
R116265,6/23/2016,Mexico,North America,,Lanciotti et al A,KX766029
MEX/R116265/2016,6/23/2016,Mexico,North America,,Shabman et al E,MG595216
mex07/Mexico/2016,8/5/2016,Mexico,North America,,Chiu et al B,KY606272
MEX/2016/mex35,7/7/2016,Mexico,North America,,Theze et al B,MF801413
MEX/2016/mex38,2016-07-31 (2016-07-04 - 2016-07-31),Mexico,North America,,Theze et al B,MF801416
MEX_CIENI551,3/3/2016,Mexico,North America,,Boukadida et al,KY120349
Aedessp/MEX/MEX_2_81/2016,1/1/2016,Mexico,North America,,Shabman et al F,KX446950
MEX_I_7,2015-11-30 (2015-11-06 - 2015-11-30),Mexico,North America,,Barrows et al,KX247632
Aedessp/MEX/MEX_I_7/2016,1/1/2016,Mexico,North America,,Shabman et al F,KX446951
MEX/2016/mex01,4/22/2016,Mexico,North America,,Theze et al B,MF801393
MEX/42_016_F_V0_O/2016,8/19/2016,Mexico,North America,,Tan et al A,MH157212
MEX/2016/mex17,5/20/2016,Mexico,North America,,Theze et al B,MF801398
MEX/42_018_F_V3_O/2016,9/23/2016,Mexico,North America,,Tan et al A,MH157206
Mexico_Rus_12TVR_2017,1/30/2017,Mexico,North America,,Karan et al,MF098771
MEX/2016/mex05,5/9/2016,Mexico,North America,,Theze et al B,MF801395
MEX/2016/mex44,7/4/2016,Mexico,North America,,Theze et al B,MF801420
Mexico_Rus_10GNN_2016,11/9/2016,Mexico,North America,,Karan et al,MF098770
MEX/41_022_F_V3_O/2016,8/24/2016,Mexico,North America,,Tan et al A,MH157195
MEX/41_022_F_V0_O/2016,8/22/2016,Mexico,North America,,Tan et al A,MH157208
MEX/41_022_F_V7_O/2016,8/29/2016,Mexico,North America,,Tan et al A,MH157207
MEX/2016/mex36,7/5/2016,Mexico,North America,,Theze et al B,MF801414
MEX/2016/mex40,7/1/2016,Mexico,North America,,Theze et al B,MF801417
MEX/2016/mex23,5/23/2016,Mexico,North America,,Theze et al B,MF801401
MEX/42_001_F_V3_O/2016,6/27/2016,Mexico,North America,,Tan et al A,MH157203
MEX/42_001_F_V0_O/2016,6/24/2016,Mexico,North America,,Tan et al A,MH157214
MEX/41_001_F_V7_O/2016,6/28/2016,Mexico,North America,,Tan et al A,MH157201
MEX/41_001_F_V3_O/2016,6/23/2016,Mexico,North America,,Tan et al A,MH157213
MEX/43_023_F_V3_O/2016,10/25/2016,Mexico,North America,,Tan et al A,MH157204
MEX/43_023_F_V0_O/2016,10/21/2016,Mexico,North America,,Tan et al A,MH157200
MEX/41_017_F_V7_O/2016,8/15/2016,Mexico,North America,,Tan et al A,MH157205
MEX/41_017_F_V0_O/2016,8/8/2016,Mexico,North America,,Tan et al A,MH157199
MEX/41_017_F_V3_O/2016,8/10/2016,Mexico,North America,,Tan et al A,MH157202
Homo_Sapiens/NIC/5962_CHB3156/2016,8/5/2016,Nicaragua,North America,,?,OK054400
Homo_Sapiens/NIC/4187_CZB133/2016,7/27/2016,Nicaragua,North America,,?,OK054453
Homo_Sapiens/NIC/7547_CHB3152/2016,7/31/2016,Nicaragua,North America,,?,OK054413
Homo_Sapiens/NIC/7933_CHB3160/2016,7/14/2016,Nicaragua,North America,,?,OK054436
Homo_Sapiens/NIC/769_CZB179/2016,9/30/2016,Nicaragua,North America,,?,OK054426
FLSR118,8/28/2016,Usa,North America,,Grubaugh et al A (https://www.ncbi.nlm.nih.gov/pubmed/31442400),MK269353
Homo_Sapiens/NIC/5966_CZB159/2016,7/18/2016,Nicaragua,North America,,?,OK054445
Homo_Sapiens/NIC/7193_CHB3146/2016,7/28/2016,Nicaragua,North America,,?,OK054410
Homo_Sapiens/NIC/5506_CZB169/2016,7/26/2016,Nicaragua,North America,,?,OK054430
Homo_Sapiens/NIC/4105_CZH220/2016,8/14/2016,Nicaragua,North America,,?,OK054442
Homo_Sapiens/NIC/7504_CZB150/2016,8/14/2016,Nicaragua,North America,,?,OK054463
Homo_Sapiens/NIC/8305_CZB166/2016,8/15/2016,Nicaragua,North America,,?,OK054464
Homo_Sapiens/NIC/4359_CZB137/2016,8/5/2016,Nicaragua,North America,,?,OK054386
Homo_Sapiens/NIC/5926_CZB158/2016,9/12/2016,Nicaragua,North America,,?,OK054475
MEX/2016/mex42,6/30/2016,Mexico,North America,,Theze et al B,MF801418
MEX/2016/mex24,5/26/2016,Mexico,North America,,Theze et al B,MF801402
MEX/2016/mex14,5/17/2016,Mexico,North America,,Theze et al B,MF801396
MEX/2016/mex26,7/8/2016,Mexico,North America,,Theze et al B,MF801404
Mex03/Mexico/2016,3/5/2016,Mexico,North America,,Faria et al B (https://www.ncbi.nlm.nih.gov/pubmed/28538727),KY606271
MEX/41_023_F_V3_O/2016,8/25/2016,Mexico,North America,,Tan et al A,MH157210
MEX/41_023_F_V7_O/2016,8/29/2016,Mexico,North America,,Tan et al A,MH157196
FB_GWUH_2016,2/2/2016,Guatemala,North America,,Driggers et al,KU870645
mex39/Mexico/2016,7/7/2016,Mexico,North America,,Chiu et al B,KY606274
Homo_Sapiens/NIC/6720_CZB143/2016,2/26/2016,Nicaragua,North America,,?,OK054405
NIC/6406_13A1/2016,5/29/2016,Nicaragua,North America,,Shabman et al D,KY765320
Nica2_16,1/13/2016,Nicaragua,North America,,Tabata et al (https://www.ncbi.nlm.nih.gov/pubmed/27443522),KX421194
Nica1_16,1/19/2016,Nicaragua,North America,,Tabata et al (https://www.ncbi.nlm.nih.gov/pubmed/27443522),KX421195
Homo_Sapiens/NIC/8385_CHB3147/2016,1/13/2016,Nicaragua,North America,,?,OK054438
Homo_Sapiens/NIC/5144_CZB130/2016,7/23/2016,Nicaragua,North America,,?,OK054455
Homo_Sapiens/NIC/5242_CZB132/2016,2/1/2016,Nicaragua,North America,,?,OK054461
Homo_Sapiens/NIC/4797_CHB3167/2016,8/14/2016,Nicaragua,North America,,?,OK054460
Homo_Sapiens/NIC/4875_CZB191/2016,7/15/2016,Nicaragua,North America,,?,OK054390
Homo_Sapiens/NIC/9181_CZB202/2016,8/9/2016,Nicaragua,North America,,?,OK054422
Homo_Sapiens/NIC/8689_CZB199/2016,7/30/2016,Nicaragua,North America,,?,OK054421
Homo_Sapiens/NIC/8583_CZB198/2016,8/19/2016,Nicaragua,North America,,?,OK054420
HND/2016/Honduras_1122,3/29/2016,Honduras,North America,,Theze et al B,MF801387
Homo_Sapiens/NIC/4723_CHB3166/2016,7/12/2016,Nicaragua,North America,,?,OK054459
HND/2016/Honduras_1162,5/10/2016,Honduras,North America,,Theze et al B,MF801389
Homo_Sapiens/NIC/6775_CZB144/2016,7/28/2016,Nicaragua,North America,,?,OK054406
Homo_Sapiens/NIC/5149_CZB131/2016,8/15/2016,Nicaragua,North America,,?,OK054394
Homo_Sapiens/NIC/8280_CZB123/2016,9/18/2016,Nicaragua,North America,,?,OK054456
Homo_Sapiens/NIC/7180_CZB122/2016,8/9/2016,Nicaragua,North America,,?,OK054409
Homo_Sapiens/NIC/6215_CZB141/2016,7/12/2016,Nicaragua,North America,,?,OK054402
NIC/1304_13A1/2016,8/5/2016,Nicaragua,North America,,Theze et al A,MF434516
Homo_Sapiens/NIC/7253_CZH177/2016,8/29/2016,Nicaragua,North America,,?,OK054411
NIC/7253_13A1/2016,8/29/2016,Nicaragua,North America,,Theze et al A,MF434522
Homo_Sapiens/NIC/1369_CZH211/2016,7/28/2016,Nicaragua,North America,,?,OK054427
HND/2016/HU_ME171,6/10/2016,Honduras,North America,,Metsky et al (https://www.ncbi.nlm.nih.gov/pubmed/28538734),KY785448
HND/2016/HU_ME172,6/10/2016,Honduras,North America,,Metsky et al (https://www.ncbi.nlm.nih.gov/pubmed/28538734),KY785458
HND/2016/HU_ME131,5/28/2016,Honduras,North America,,Metsky et al (https://www.ncbi.nlm.nih.gov/pubmed/28538734),KY785414
FHT1166/HON/2016,8/26/2016,Honduras,North America,,Leguia et al B,KY693676
NIC/5338_13A1/2016,7/22/2016,Nicaragua,North America,,Theze et al A,MF434519
Homo_Sapiens/NIC/8437_CZB126/2016,7/24/2016,Nicaragua,North America,,?,OK054457
Homo_Sapiens/NIC/8397_CZB193/2016,8/24/2016,Nicaragua,North America,,?,OK054369
NIC/1659_13A1/2016,8/19/2016,Nicaragua,North America,,Theze et al A,MF434517
Homo_Sapiens/NIC/8525_CZB196/2016,8/7/2016,Nicaragua,North America,,?,OK054449
Homo_Sapiens/NIC/3511_CZH216/2016,9/27/2016,Nicaragua,North America,,?,OK054383
Homo_Sapiens/NIC/5834_CZB128/2016,8/26/2016,Nicaragua,North America,,?,OK054432
Homo_Sapiens/NIC/8016_CZB139/2016,7/27/2016,Nicaragua,North America,,?,OK054468
Homo_Sapiens/NIC/4963_CZB125/2016,7/25/2016,Nicaragua,North America,,?,OK054391
Homo_Sapiens/NIC/7683_CZB177/2016,8/2/2016,Nicaragua,North America,,?,OK054415
HND/00002/2016,5/26/2016,Honduras,North America,,Pickett et al,MK713750
HND/2016/Honduras_4102,6/3/2016,Honduras,North America,,Theze et al B,MF801383
NIC/2016/Nicaragua_3912,7/25/2016,Nicaragua,North America,,Theze et al B,MF801426
USA/2016/FLWB044,9/28/2016,Usa,North America,,Grubaugh et al B (https://www.ncbi.nlm.nih.gov/pubmed/28538723),KY325479
USA/2016/FLSR043,9/28/2016,Usa,North America,,Grubaugh et al B (https://www.ncbi.nlm.nih.gov/pubmed/28538723),KY325465
MEX/2016/mex30,7/5/2016,Mexico,North America,,Theze et al B,MF801408
HND/2016/Honduras_1031,2/3/2016,Honduras,North America,,Theze et al B,MF801384
HND/2016/Honduras_1083,2/24/2016,Honduras,North America,,Theze et al B,MF801386
GTM/2016/Guatemala_2411,4/11/2016,Guatemala,North America,,Theze et al B,MF801380
Cuba/2017/FL057U,7/17/2017,Cuba,North America,,Grubaugh et al A (https://www.ncbi.nlm.nih.gov/pubmed/31442400),MH063265
Cuba/2017/Hu0046Sa,4/19/2017,Cuba,North America,,Grubaugh et al A (https://www.ncbi.nlm.nih.gov/pubmed/31442400),MF159531
SG_EHI_/33164Y17,2017-08-16 (2017-08-01 - 2017-08-31),Cuba,North America,,Tan et al B (https://www.ncbi.nlm.nih.gov/pubmed/29346272),MF988734
Cuba/2017/FL051Se,7/17/2017,Cuba,North America,,Grubaugh et al A (https://www.ncbi.nlm.nih.gov/pubmed/31442400),MH063262
Cuba/2017_10_09/FL82U,10/9/2017,Cuba,North America,,Grubaugh et al A (https://www.ncbi.nlm.nih.gov/pubmed/31442400),MK560178
Cuba/2017/FL052U,8/5/2017,Cuba,North America,,Grubaugh et al A (https://www.ncbi.nlm.nih.gov/pubmed/31442400),MH063263
Cuba/2017/FL046Se,7/26/2017,Cuba,North America,,Grubaugh et al C,MH063259
UNK/2016/MA_WGS16_029,8/5/2016,El Salvador,North America,,Metsky et al (https://www.ncbi.nlm.nih.gov/pubmed/28538734),KY785454
Nicaragua/2016_UCB7420,1/19/2016,Nicaragua,North America,,?,MN577550
MEX/2016/mex16,5/20/2016,Mexico,North America,,Theze et al B,MF801397
PR/DB_172/2016,10/17/2016,Puerto Rico,North America,,?,MW122381
Homo_Sapiens/NIC/4203_CHB3157/2016,8/6/2016,Nicaragua,North America,,?,OK054458
Henan/001/2016,9/14/2016,Guatemala,North America,,Li et al C,MF593625
Homo_Sapiens/NIC/4521_CZB142/2016,7/29/2016,Nicaragua,North America,,?,OK054389
Homo_Sapiens/NIC/6739_CZB164/2016,7/27/2016,Nicaragua,North America,,?,OK054482
NIC/6188_13A1/2016,6/30/2016,Nicaragua,North America,,Shabman et al D,KY765326
PR/DB_885/2016,7/19/2016,Puerto Rico,North America,,?,MW122434
Homo_Sapiens/NIC/5541_CZB124/2016,8/19/2016,Nicaragua,North America,,?,OK054472
Homo_Sapiens/NIC/7083_CHB3155/2016,8/20/2016,Nicaragua,North America,,?,OK054408
Homo_Sapiens/NIC/5072_CHB3151/2016,7/15/2016,Nicaragua,North America,,?,OK054393
Homo_Sapiens/NIC/7706_CZB180/2016,8/12/2016,Nicaragua,North America,,?,OK054434
HND/2016/HU_ME180,6/13/2016,Honduras,North America,,Metsky et al (https://www.ncbi.nlm.nih.gov/pubmed/28538734),KY785431
MEX/42_007_F_V3_O/2016,7/29/2016,Mexico,North America,,Tan et al A,MH157211
MEX/2016/mex32,7/5/2016,Mexico,North America,,Theze et al B,MF801410
HND/2016/HU_ME59,5/13/2016,Honduras,North America,,Metsky et al (https://www.ncbi.nlm.nih.gov/pubmed/28538734),KY785418
HND/2016/HU_ME152,6/6/2016,Honduras,North America,,Metsky et al (https://www.ncbi.nlm.nih.gov/pubmed/28538734),KY014315
FHT1175/HON/2016,8/26/2016,Honduras,North America,,Leguia et al B,KY693677
NIC/5005_13A1/2016,4/22/2016,Nicaragua,North America,,Shabman et al D,KY765327
Homo_Sapiens/NIC/5005_CHB3149/2016,4/22/2016,Nicaragua,North America,,?,OK054470
NIC/5847_12B1/2016,2/7/2016,Nicaragua,North America,,Theze et al A,MF434520
HND/2016/HU_ME50,5/12/2016,Honduras,North America,,Metsky et al (https://www.ncbi.nlm.nih.gov/pubmed/28538734),KY014311
HND/2016/HU_ME178,6/10/2016,Honduras,North America,,Metsky et al (https://www.ncbi.nlm.nih.gov/pubmed/28538734),KY014306
HND/2016/HU_ME167,6/9/2016,Honduras,North America,,Metsky et al (https://www.ncbi.nlm.nih.gov/pubmed/28538734),KY014327
Homo_Sapiens/NIC/8155_CHB3164/2016,7/26/2016,Nicaragua,North America,,?,OK054448
Homo_Sapiens/NIC/4394_CHB3161/2016,10/11/2016,Nicaragua,North America,,?,OK054387
Homo_Sapiens/NIC/5575_CZB149/2016,8/4/2016,Nicaragua,North America,,?,OK054431
Homo_Sapiens/NIC/5660_CZB134/2016,7/27/2016,Nicaragua,North America,,?,OK054462
Homo_Sapiens/NIC/8065_CHB3163/2016,7/25/2016,Nicaragua,North America,,?,OK054416
Homo_Sapiens/NIC/7673_CZB156/2016,7/29/2016,Nicaragua,North America,,?,OK054433
Homo_Sapiens/NIC/8186_CHB3165/2016,8/5/2016,Nicaragua,North America,,?,OK054437
Homo_Sapiens/NIC/8079_CZH181/2016,9/8/2016,Nicaragua,North America,,?,OK054417
PR/DB_723/2016,10/6/2016,Puerto Rico,North America,,?,MW122423
HND/2016/Honduras_1055,2/12/2016,Honduras,North America,,Theze et al B,MF801385
HN16,5/15/2016,Honduras,North America,,Murray et al (https://www.ncbi.nlm.nih.gov/pubmed/27748649),KY328289
HND/2016/HU_ME156,6/7/2016,Honduras,North America,,Metsky et al (https://www.ncbi.nlm.nih.gov/pubmed/28538734),KY785452
HND/2016/HU_ME58,5/13/2016,Honduras,North America,,Metsky et al (https://www.ncbi.nlm.nih.gov/pubmed/28538734),KY014312
PR/DB_455/2016,9/15/2016,Puerto Rico,North America,,?,MW122401
PR/DB_552/2016,10/20/2016,Puerto Rico,North America,,?,MW122409
PR/DB_787/2016,8/23/2016,Puerto Rico,North America,,?,MW122427
PR/DB_375/2017,1/19/2017,Puerto Rico,North America,,?,MW122452
PR/DB_270/2016,10/11/2016,Puerto Rico,North America,,?,MW122390
PR/DB_1034/2017,1/19/2017,Puerto Rico,North America,,?,MW122455
PR/DB_266/2016,10/31/2016,Puerto Rico,North America,,?,MW122388
PR/DB_599/2017,1/20/2017,Puerto Rico,North America,,?,MW122415
PR/DB_323/2016,8/11/2016,Puerto Rico,North America,,?,MW122396
PR/DB_461/2016,7/27/2016,Puerto Rico,North America,,?,MW122453
PR/DB_588/2016,12/11/2016,Puerto Rico,North America,,?,MW122413
PR/DB_1020/2017,1/10/2017,Puerto Rico,North America,,?,MW122450
HND/2016/HU_ME42,5/9/2016,Honduras,North America,,Metsky et al (https://www.ncbi.nlm.nih.gov/pubmed/28538734),KY014310
HND/2016/HU_ME38,4/30/2016,Honduras,North America,,Metsky et al (https://www.ncbi.nlm.nih.gov/pubmed/28538734),KY014319
HND/2016/HU_ME147,6/4/2016,Honduras,North America,,Metsky et al (https://www.ncbi.nlm.nih.gov/pubmed/28538734),KY785442
HND/2016/HU_ME33,4/28/2016,Honduras,North America,,Metsky et al (https://www.ncbi.nlm.nih.gov/pubmed/28538734),KY785416
QTX_02,2016-08-31 (2016-08-05 - 2016-08-31),Puerto Rico,North America,,Assis et al,MH675629
QTX_04,2016-09-01 (2016-09-01 - 2016-09-26),Usa,North America,,Assis et al,MH675630
NIC/6547_13A1/2016,7/19/2016,Nicaragua,North America,,Theze et al A,MF434521
Homo_Sapiens/NIC/3758_CZH218/2016,7/13/2016,Nicaragua,North America,,?,OK054440
Homo_Sapiens/NIC/6709_CZH165/2016,10/3/2016,Nicaragua,North America,,?,OK054370
Homo_Sapiens/NIC/6228_CZB222/2016,8/21/2016,Nicaragua,North America,,?,OK054478
Homo_Sapiens/NIC/6253_CZB221/2016,8/8/2016,Nicaragua,North America,,?,OK054479
Homo_Sapiens/NIC/5802_CZB229/2016,9/2/2016,Nicaragua,North America,,?,OK054474
Homo_Sapiens/NIC/6661_CZB218/2016,8/1/2016,Nicaragua,North America,,?,OK054404
Homo_Sapiens/NIC/5605_CZB228/2016,7/4/2016,Nicaragua,North America,,?,OK054473
Homo_Sapiens/NIC/5540_CZB226/2016,8/15/2016,Nicaragua,North America,,?,OK054443
Homo_Sapiens/NIC/6316_CZB219/2016,9/29/2016,Nicaragua,North America,,?,OK054403
Homo_Sapiens/NIC/5604_CZB227/2016,2/7/2016,Nicaragua,North America,,?,OK054444
Homo_Sapiens/NIC/6284_CZB220/2016,8/23/2016,Nicaragua,North America,,?,OK054480
Homo_Sapiens/NIC/9262_CZB213/2016,7/25/2016,Nicaragua,North America,,?,OK054424
Homo_Sapiens/NIC/4825_CHB3144/2016,7/12/2016,Nicaragua,North America,,?,OK054465
Homo_Sapiens/NIC/5406_CZB146/2016,8/2/2016,Nicaragua,North America,,?,OK054429
NIC/7252_12A1/2016,6/29/2016,Nicaragua,North America,,Shabman et al D,KY765317
Homo_Sapiens/NIC/150_CZH161/2016,9/7/2016,Nicaragua,North America,,?,OK054425
Homo_Sapiens/NIC/9467_CZB207/2016,7/23/2016,Nicaragua,North America,,?,OK054487
NIC/4886_12A1/2016,7/10/2016,Nicaragua,North America,,Shabman et al D,KY765321
Homo_Sapiens/NIC/4886_CZB170/2016,7/10/2016,Nicaragua,North America,,?,OK054469
Homo_Sapiens/NIC/4858_CZB168/2016,7/13/2016,Nicaragua,North America,,?,OK054466
Homo_Sapiens/NIC/5894_CZB175/2016,7/13/2016,Nicaragua,North America,,?,OK054399
Homo_Sapiens/NIC/6173_CHB3162/2016,8/19/2016,Nicaragua,North America,,?,OK054446
Homo_Sapiens/NIC/7550_CZB154/2016,7/25/2016,Nicaragua,North America,,?,OK054414
